layer1node1,layer1node2,layer2node1
0.15442201,-0.03814558,0.2295448
0.05109873,-0.00402611,-0.15480365
0.19414921,-0.21047528,
