layer1node1,layer1node2,layer2node1
-0.115719,0.020766666,-0.24000537
-0.009614325,0.019859597,0.019533318
-0.23733446,0.0035737164,
