Training Error,Validation Error
0.2500101885959214,0.24998901855377925
0.2500033573109229,0.24998656814060513
0.2500029458385222,0.24998446967866686
0.24999747131051137,0.24998247386917236
0.2500005687485222,0.24998054405053458
0.24999996343580613,0.24997835026846993
0.2500014113110988,0.24995987566690597
0.24999932431373276,0.24997478534304907
0.2499950041039651,0.2499235016959054
0.24999140240565068,0.24987377108089506
