layer1node1,layer1node2,layer1node3,layer2node1
0.07964081,0.07496323,0.00026078292,0.020728316
0.02503429,0.057661362,0.07449661,0.044746716
0.028062932,0.07057084,0.050997388,0.12698185
-0.00246763,0.07326576,0.030790858,
-0.07793777,-0.06774795,0.068735145,
-0.029846227,-0.058562964,0.11447028,
