layer1node1,layer1node2,layer1node3,layer2node1
0.19647437,0.12502033,-0.10648095,0.43513274
0.20032781,0.17312472,-0.18777615,0.36907697
0.0903287,0.16344473,-0.019311935,-0.15935612
0.15319173,0.09685455,-0.08174987,
0.21078382,0.15381847,-0.00551793,
0.16616713,0.15737376,0.011262815,
