layer1node1,layer1node2,layer1node3,layer1node4,layer1node5,layer2node1
-0.052507877,-0.18297774,-0.054072075,-0.07884665,0.23766808,0.037832618
0.024994098,-0.21644787,0.0,-0.04964168,0.21849541,-0.45876965
0.01747994,-0.10391435,-0.051773705,-0.04229227,0.13302115,-0.062097408
-0.0111035695,-0.27414516,0.040158335,0.0,0.1228627,-0.09285955
0.057669804,-0.18786451,-0.026239716,0.0,0.13771756,0.39344287
0.07956753,-0.13373284,-0.063642174,-0.046600938,0.084045626,
