layer1node1,layer2node1
0.162743,0.4548024
0.21704543,
0.25977242,
0.14756346,
0.14507058,
0.19987276,
