layer1node1,layer1node2,layer2node1
-1.7487182e-06,-0.070485555,0.13040997
0.028030636,-0.020392153,-0.09904622
0.090908095,-0.03806984,
0.03592254,-0.047366977,
0.11719475,0.021517467,
0.053223435,-0.078303255,
