layer1node1,layer1node2,layer1node3,layer2node1
0.16651171,-0.20666592,-0.020440029,0.42599112
0.19333674,-0.21774954,-0.10259721,-0.5331337
0.10545091,-0.25438112,-0.03173593,-0.1391315
0.15771417,-0.24170029,-0.09492891,
0.18883416,-0.1558087,-0.0034093796,
0.21213503,-0.23534347,-0.0800022,
