layer1node1,layer1node2,layer1node3,layer2node1
-0.22321337,-0.039288133,0.13484244,-0.9334365
-0.28394887,-0.09195393,0.31347215,-0.17221151
-0.27067485,-0.01110742,0.21884766,1.2305144
-0.46411583,-0.07623294,0.66325134,
-0.5447275,-0.10673716,0.6714771,
-0.4107,-0.08150086,0.3563948,
