layer1node1,layer2node1
-0.07631562,-0.23369299
-0.06332382,
-0.10112484,
-0.1330478,
-0.12672913,
-0.068062566,
