layer1node1,layer1node2,layer1node3,layer1node4,layer2node1
-0.024053143,-0.085654944,0.14506744,-0.06846365,0.0050369366
0.10643825,-0.18773794,0.12502362,-0.08470618,-0.28489572
-0.0095452,-0.10559005,0.15394007,-0.07658833,0.43393606
-0.03350425,-0.12889847,0.2148316,-0.07237804,-0.21573378
-0.046549857,-0.13475467,0.20972875,-0.04177904,
0.008691334,-0.063962534,0.17744514,-0.18690796,
