layer1node1,layer1node2,layer2node1
0.441752,0.4596968,1.506068
0.90567267,0.7695883,1.2762938
0.8800236,0.7073801,
