F1-score,AUC of ROC,Sensitivity,Specificity
0.3356157632291423,0.515221346270467,0.996078431372549,0.03436426116838488
