F1-score,AUC of ROC,Sensitivity,Specificity
0.5182525621200644,0.5230139478471801,0.5803921568627451,0.46563573883161513
