F1-score,AUC of ROC,Sensitivity,Specificity
0.40525029191819,0.4714675560946028,0.0803921568627451,0.8625429553264605
