F1-score,AUC of ROC,Sensitivity,Specificity
0.4403692921765738,0.44819082272084093,0.5235294117647059,0.37285223367697595
