F1-score,AUC of ROC,Sensitivity,Specificity
0.4210731544219324,0.5043662825955124,0.07058823529411765,0.9381443298969072
