F1-score,AUC of ROC,Sensitivity,Specificity
0.4589679346054919,0.45625631695977364,0.403921568627451,0.5085910652920962
