F1-score,AUC of ROC,Sensitivity,Specificity
0.4279640234011526,0.5082878512229634,0.0784313725490196,0.9381443298969072
