F1-score,AUC of ROC,Sensitivity,Specificity
0.47124318350822103,0.47105316353345467,0.4764705882352941,0.46563573883161513
